"parent","parent_plain","child","child_plain","fiscal_year","federal_revenue","cpi_auc_start","cpi_auc_end","inflation_rate","federal_revenue_adjusted","percent_total","federal_revenue_source_url","federal_revenue_source_url_name","cpi_source_url","cpi_source_url_name"
"Individual Income Taxes","Individual Income Taxes","","",2017,1587119168060,246.819,274.31,1.11138121457424,1763894428673,47.88,"Monthly Treasury Statement","https://fiscaldata.treasury.gov/datasets/monthly-treasury-statement/summary-of-receipts-outlays-and-the-deficit-surplus-of-the-u-s-government","Bureau of Labor Statistics","https://data.bls.gov/cgi-bin/surveymost?bls"
"Individual Income Taxes","Individual Income Taxes","Individual Income Taxes Refunds","Individual Income Taxes Refunds",2017,-261676703882,246.819,274.31,1.11138121457424,-290822572986,-16.49,"Monthly Treasury Statement","https://fiscaldata.treasury.gov/datasets/monthly-treasury-statement/summary-of-receipts-outlays-and-the-deficit-surplus-of-the-u-s-government","Bureau of Labor Statistics","https://data.bls.gov/cgi-bin/surveymost?bls"
"Individual Income Taxes","Individual Income Taxes","Individual Income Taxes Withheld","Individual Income Taxes Withheld",2017,1309265617887,246.819,274.31,1.11138121457424,1455093212607,82.49,"Monthly Treasury Statement","https://fiscaldata.treasury.gov/datasets/monthly-treasury-statement/summary-of-receipts-outlays-and-the-deficit-surplus-of-the-u-s-government","Bureau of Labor Statistics","https://data.bls.gov/cgi-bin/surveymost?bls"
"Individual Income Taxes","Individual Income Taxes","Presidential Election Campaign Fund","Presidential Election Campaign Fund",2017,26811542,246.819,274.31,1.11138121457424,29797844,0,"Monthly Treasury Statement","https://fiscaldata.treasury.gov/datasets/monthly-treasury-statement/summary-of-receipts-outlays-and-the-deficit-surplus-of-the-u-s-government","Bureau of Labor Statistics","https://data.bls.gov/cgi-bin/surveymost?bls"
"Individual Income Taxes","Individual Income Taxes","Other Individual Income Taxes","Other Individual Income Taxes",2017,539503442514,246.819,274.31,1.11138121457424,599593991208,33.99,"Monthly Treasury Statement","https://fiscaldata.treasury.gov/datasets/monthly-treasury-statement/summary-of-receipts-outlays-and-the-deficit-surplus-of-the-u-s-government","Bureau of Labor Statistics","https://data.bls.gov/cgi-bin/surveymost?bls"
"Corporation Income Taxes","Corporate Income Taxes","","",2017,297047881065,246.819,274.31,1.11138121457424,330133434844,8.96,"Monthly Treasury Statement","https://fiscaldata.treasury.gov/datasets/monthly-treasury-statement/summary-of-receipts-outlays-and-the-deficit-surplus-of-the-u-s-government","Bureau of Labor Statistics","https://data.bls.gov/cgi-bin/surveymost?bls"
"Corporation Income Taxes","Corporate Income Taxes","Corporation Income Taxes Refunds","Corporate Income Taxes Refunds",2017,-41930059841,246.819,274.31,1.11138121457424,-46600280834,-14.12,"Monthly Treasury Statement","https://fiscaldata.treasury.gov/datasets/monthly-treasury-statement/summary-of-receipts-outlays-and-the-deficit-surplus-of-the-u-s-government","Bureau of Labor Statistics","https://data.bls.gov/cgi-bin/surveymost?bls"
"Corporation Income Taxes","Corporate Income Taxes","Corporation Income Taxes","Corporate Income Taxes",2017,338977940906,246.819,274.31,1.11138121457424,376733715678,114.12,"Monthly Treasury Statement","https://fiscaldata.treasury.gov/datasets/monthly-treasury-statement/summary-of-receipts-outlays-and-the-deficit-surplus-of-the-u-s-government","Bureau of Labor Statistics","https://data.bls.gov/cgi-bin/surveymost?bls"
"Employment and General Retirement","Social Security and Medicare Taxes","","",2017,1106547941590,246.819,274.31,1.11138121457424,1229796595309,33.38,"Monthly Treasury Statement","https://fiscaldata.treasury.gov/datasets/monthly-treasury-statement/summary-of-receipts-outlays-and-the-deficit-surplus-of-the-u-s-government","Bureau of Labor Statistics","https://data.bls.gov/cgi-bin/surveymost?bls"
"Employment and General Retirement","Social Security and Medicare Taxes","Federal Old-Age and Survivors Insurance Trust Fund","Social Security - Old-Age and Survivors Insurance Trust Fund Taxes",2017,690708670171,246.819,274.31,1.11138121457424,767640640772,62.42,"Monthly Treasury Statement","https://fiscaldata.treasury.gov/datasets/monthly-treasury-statement/summary-of-receipts-outlays-and-the-deficit-surplus-of-the-u-s-government","Bureau of Labor Statistics","https://data.bls.gov/cgi-bin/surveymost?bls"
"Employment and General Retirement","Social Security and Medicare Taxes","Federal Old-Age and Survivors Insurance Trust Fund Refunds","Social Security - Old-Age and Survivors Insurance Trust Fund Taxes Refunds",2017,-2661310050,246.819,274.31,1.11138121457424,-2957729996,-0.24,"Monthly Treasury Statement","https://fiscaldata.treasury.gov/datasets/monthly-treasury-statement/summary-of-receipts-outlays-and-the-deficit-surplus-of-the-u-s-government","Bureau of Labor Statistics","https://data.bls.gov/cgi-bin/surveymost?bls"
"Employment and General Retirement","Social Security and Medicare Taxes","Federal Disability Insurance Trust Fund","Social Security - Disability Insurance Trust Fund Taxes",2017,163199164039,246.819,274.31,1.11138121457424,181376485147,14.75,"Monthly Treasury Statement","https://fiscaldata.treasury.gov/datasets/monthly-treasury-statement/summary-of-receipts-outlays-and-the-deficit-surplus-of-the-u-s-government","Bureau of Labor Statistics","https://data.bls.gov/cgi-bin/surveymost?bls"
"Employment and General Retirement","Social Security and Medicare Taxes","Federal Disability Insurance Trust Fund Refunds","Social Security - Disability Insurance Trust Fund Taxes Refunds",2017,-628843950,246.819,274.31,1.11138121457424,-698885353,-0.06,"Monthly Treasury Statement","https://fiscaldata.treasury.gov/datasets/monthly-treasury-statement/summary-of-receipts-outlays-and-the-deficit-surplus-of-the-u-s-government","Bureau of Labor Statistics","https://data.bls.gov/cgi-bin/surveymost?bls"
"Employment and General Retirement","Social Security and Medicare Taxes","Federal Hospital Insurance Trust Fund","Medicare Part A Taxes",2017,255930261379,246.819,274.31,1.11138121457424,284436084738,23.13,"Monthly Treasury Statement","https://fiscaldata.treasury.gov/datasets/monthly-treasury-statement/summary-of-receipts-outlays-and-the-deficit-surplus-of-the-u-s-government","Bureau of Labor Statistics","https://data.bls.gov/cgi-bin/surveymost?bls"
"Employment and General Retirement","Other Retirement","Railroad Retirement","Railroad Retirement",2017,5350770603,246.819,274.31,1.11138121457424,5946745931,56.09,"Monthly Treasury Statement","https://fiscaldata.treasury.gov/datasets/monthly-treasury-statement/summary-of-receipts-outlays-and-the-deficit-surplus-of-the-u-s-government","Bureau of Labor Statistics","https://data.bls.gov/cgi-bin/surveymost?bls"
"Employment and General Retirement","Other Retirement","Railroad Retirement Refunds","Railroad Retirement Refunds",2017,-2158618,246.819,274.31,1.11138121457424,-2399047,-0.02,"Monthly Treasury Statement","https://fiscaldata.treasury.gov/datasets/monthly-treasury-statement/summary-of-receipts-outlays-and-the-deficit-surplus-of-the-u-s-government","Bureau of Labor Statistics","https://data.bls.gov/cgi-bin/surveymost?bls"
"Unemployment Insurance","Unemployment Insurance","","",2017,45808340166,246.819,274.31,1.11138121457424,50910528731,1.38,"Monthly Treasury Statement","https://fiscaldata.treasury.gov/datasets/monthly-treasury-statement/summary-of-receipts-outlays-and-the-deficit-surplus-of-the-u-s-government","Bureau of Labor Statistics","https://data.bls.gov/cgi-bin/surveymost?bls"
"Unemployment Insurance","Unemployment Insurance","Deposits by States","Deposits by States",2017,37551306647,246.819,274.31,1.11138121457424,41733816791,81.97,"Monthly Treasury Statement","https://fiscaldata.treasury.gov/datasets/monthly-treasury-statement/summary-of-receipts-outlays-and-the-deficit-surplus-of-the-u-s-government","Bureau of Labor Statistics","https://data.bls.gov/cgi-bin/surveymost?bls"
"Unemployment Insurance","Unemployment Insurance","Federal Unemployment Taxes","Federal Unemployment Taxes",2017,8284270436,246.819,274.31,1.11138121457424,9206982539,18.08,"Monthly Treasury Statement","https://fiscaldata.treasury.gov/datasets/monthly-treasury-statement/summary-of-receipts-outlays-and-the-deficit-surplus-of-the-u-s-government","Bureau of Labor Statistics","https://data.bls.gov/cgi-bin/surveymost?bls"
"Unemployment Insurance","Unemployment Insurance","Federal Unemployment Taxes Refunds","Federal Unemployment Taxes Refunds",2017,-153634279,246.819,274.31,1.11138121457424,-170746251,-0.34,"Monthly Treasury Statement","https://fiscaldata.treasury.gov/datasets/monthly-treasury-statement/summary-of-receipts-outlays-and-the-deficit-surplus-of-the-u-s-government","Bureau of Labor Statistics","https://data.bls.gov/cgi-bin/surveymost?bls"
"Unemployment Insurance","Unemployment Insurance","Railroad Unemployment Taxes","Railroad Unemployment Taxes",2017,126397361,246.819,274.31,1.11138121457424,140475653,0.28,"Monthly Treasury Statement","https://fiscaldata.treasury.gov/datasets/monthly-treasury-statement/summary-of-receipts-outlays-and-the-deficit-surplus-of-the-u-s-government","Bureau of Labor Statistics","https://data.bls.gov/cgi-bin/surveymost?bls"
"Other Retirement","Other Retirement","","",2017,9539244281,246.819,274.31,1.11138121457424,10601736895,0.29,"Monthly Treasury Statement","https://fiscaldata.treasury.gov/datasets/monthly-treasury-statement/summary-of-receipts-outlays-and-the-deficit-surplus-of-the-u-s-government","Bureau of Labor Statistics","https://data.bls.gov/cgi-bin/surveymost?bls"
"Other Retirement","Other Retirement","Federal Employees' Retirement--Employee Share","Federal Government Pension: FERS",2017,4156642897,246.819,274.31,1.11138121457424,4619614831,43.57,"Monthly Treasury Statement","https://fiscaldata.treasury.gov/datasets/monthly-treasury-statement/summary-of-receipts-outlays-and-the-deficit-surplus-of-the-u-s-government","Bureau of Labor Statistics","https://data.bls.gov/cgi-bin/surveymost?bls"
"Other Retirement","Other Retirement","Non-Federal Employees Retirement","Non-Federal Employees Retirement",2017,33989399,246.819,274.31,1.11138121457424,37775180,0.36,"Monthly Treasury Statement","https://fiscaldata.treasury.gov/datasets/monthly-treasury-statement/summary-of-receipts-outlays-and-the-deficit-surplus-of-the-u-s-government","Bureau of Labor Statistics","https://data.bls.gov/cgi-bin/surveymost?bls"
"Excise Taxes","Excise Taxes","","",2017,83822381041,246.819,274.31,1.11138121457424,93158619650,2.53,"Monthly Treasury Statement","https://fiscaldata.treasury.gov/datasets/monthly-treasury-statement/summary-of-receipts-outlays-and-the-deficit-surplus-of-the-u-s-government","Bureau of Labor Statistics","https://data.bls.gov/cgi-bin/surveymost?bls"
"Excise Taxes","Excise Taxes","Miscellaneous Excise Taxes","Miscellaneous Excise Taxes",2017,32493541758,246.819,274.31,1.11138121457424,36112711905,38.76,"Monthly Treasury Statement","https://fiscaldata.treasury.gov/datasets/monthly-treasury-statement/summary-of-receipts-outlays-and-the-deficit-surplus-of-the-u-s-government","Bureau of Labor Statistics","https://data.bls.gov/cgi-bin/surveymost?bls"
"Excise Taxes","Excise Taxes","Miscellaneous Excise Taxes Refunds","Miscellaneous Excise Taxes Refunds",2017,-5160104181,246.819,274.31,1.11138121457424,-5734842852,-6.16,"Monthly Treasury Statement","https://fiscaldata.treasury.gov/datasets/monthly-treasury-statement/summary-of-receipts-outlays-and-the-deficit-surplus-of-the-u-s-government","Bureau of Labor Statistics","https://data.bls.gov/cgi-bin/surveymost?bls"
"Excise Taxes","Excise Taxes","Airport and Airway Trust Fund","Airport and Airway Trust Fund",2017,14951680921,246.819,274.31,1.11138121457424,16617017302,17.84,"Monthly Treasury Statement","https://fiscaldata.treasury.gov/datasets/monthly-treasury-statement/summary-of-receipts-outlays-and-the-deficit-surplus-of-the-u-s-government","Bureau of Labor Statistics","https://data.bls.gov/cgi-bin/surveymost?bls"
"Excise Taxes","Excise Taxes","Airport and Airway Trust Fund Refunds","Airport and Airway Trust Fund Refunds",2017,-14800680,246.819,274.31,1.11138121457424,-16449197,-0.02,"Monthly Treasury Statement","https://fiscaldata.treasury.gov/datasets/monthly-treasury-statement/summary-of-receipts-outlays-and-the-deficit-surplus-of-the-u-s-government","Bureau of Labor Statistics","https://data.bls.gov/cgi-bin/surveymost?bls"
"Excise Taxes","Excise Taxes","Highway Trust Fund","Highway Trust Fund",2017,41558485850,246.819,274.31,1.11138121457424,46187320480,49.58,"Monthly Treasury Statement","https://fiscaldata.treasury.gov/datasets/monthly-treasury-statement/summary-of-receipts-outlays-and-the-deficit-surplus-of-the-u-s-government","Bureau of Labor Statistics","https://data.bls.gov/cgi-bin/surveymost?bls"
"Excise Taxes","Excise Taxes","Highway Trust Fund Refunds","Highway Trust Fund Refunds",2017,-431744000,246.819,274.31,1.11138121457424,-479832171,-0.52,"Monthly Treasury Statement","https://fiscaldata.treasury.gov/datasets/monthly-treasury-statement/summary-of-receipts-outlays-and-the-deficit-surplus-of-the-u-s-government","Bureau of Labor Statistics","https://data.bls.gov/cgi-bin/surveymost?bls"
"Excise Taxes","Excise Taxes","Black Lung Disability Trust Fund","Black Lung Disability Trust Fund",2017,425321372,246.819,274.31,1.11138121457424,472694183,0.51,"Monthly Treasury Statement","https://fiscaldata.treasury.gov/datasets/monthly-treasury-statement/summary-of-receipts-outlays-and-the-deficit-surplus-of-the-u-s-government","Bureau of Labor Statistics","https://data.bls.gov/cgi-bin/surveymost?bls"
"Estate and Gift Taxes","Estate and Gift Taxes","","",2017,22767709580,246.819,274.31,1.11138121457424,25303604726,0.69,"Monthly Treasury Statement","https://fiscaldata.treasury.gov/datasets/monthly-treasury-statement/summary-of-receipts-outlays-and-the-deficit-surplus-of-the-u-s-government","Bureau of Labor Statistics","https://data.bls.gov/cgi-bin/surveymost?bls"
"Estate and Gift Taxes","Estate and Gift Taxes","Estate and Gift Taxes Refunds","Estate and Gift Taxes Refunds",2017,-1012733995,246.819,274.31,1.11138121457424,-1125533538,-4.45,"Monthly Treasury Statement","https://fiscaldata.treasury.gov/datasets/monthly-treasury-statement/summary-of-receipts-outlays-and-the-deficit-surplus-of-the-u-s-government","Bureau of Labor Statistics","https://data.bls.gov/cgi-bin/surveymost?bls"
"Estate and Gift Taxes","Estate and Gift Taxes","Estate and Gift Taxes","Estate and Gift Taxes",2017,23780443575,246.819,274.31,1.11138121457424,26429138264,104.45,"Monthly Treasury Statement","https://fiscaldata.treasury.gov/datasets/monthly-treasury-statement/summary-of-receipts-outlays-and-the-deficit-surplus-of-the-u-s-government","Bureau of Labor Statistics","https://data.bls.gov/cgi-bin/surveymost?bls"
"Customs Duties","Customs Duties","","",2017,34575150111,246.819,274.31,1.11138121457424,38426172325,1.04,"Monthly Treasury Statement","https://fiscaldata.treasury.gov/datasets/monthly-treasury-statement/summary-of-receipts-outlays-and-the-deficit-surplus-of-the-u-s-government","Bureau of Labor Statistics","https://data.bls.gov/cgi-bin/surveymost?bls"
"Customs Duties","Customs Duties","Customs Duties Refunds","Customs Duties Refunds",2017,-1684687145,246.819,274.31,1.11138121457424,-1872329645,-4.87,"Monthly Treasury Statement","https://fiscaldata.treasury.gov/datasets/monthly-treasury-statement/summary-of-receipts-outlays-and-the-deficit-surplus-of-the-u-s-government","Bureau of Labor Statistics","https://data.bls.gov/cgi-bin/surveymost?bls"
"Customs Duties","Customs Duties","Customs Duties","Customs Duties",2017,36259837256,246.819,274.31,1.11138121457424,40298501970,104.87,"Monthly Treasury Statement","https://fiscaldata.treasury.gov/datasets/monthly-treasury-statement/summary-of-receipts-outlays-and-the-deficit-surplus-of-the-u-s-government","Bureau of Labor Statistics","https://data.bls.gov/cgi-bin/surveymost?bls"
"Miscellaneous Receipts","Miscellaneous Revenue","","",2017,127666088631,246.819,274.31,1.11138121457424,141885692642,3.85,"Monthly Treasury Statement","https://fiscaldata.treasury.gov/datasets/monthly-treasury-statement/summary-of-receipts-outlays-and-the-deficit-surplus-of-the-u-s-government","Bureau of Labor Statistics","https://data.bls.gov/cgi-bin/surveymost?bls"
"Miscellaneous Receipts","Miscellaneous Revenue","Miscellaneous Receipts Refunds","Miscellaneous Receipts Refunds",2017,-49939319,246.819,274.31,1.11138121457424,-55501622,-0.04,"Monthly Treasury Statement","https://fiscaldata.treasury.gov/datasets/monthly-treasury-statement/summary-of-receipts-outlays-and-the-deficit-surplus-of-the-u-s-government","Bureau of Labor Statistics","https://data.bls.gov/cgi-bin/surveymost?bls"
"Miscellaneous Receipts","Miscellaneous Revenue","Deposit of Earnings, Federal Reserve System","Federal Reserve Deposit of Earnings",2017,81287184040,246.819,274.31,1.11138121457424,90341049327,63.67,"Monthly Treasury Statement","https://fiscaldata.treasury.gov/datasets/monthly-treasury-statement/summary-of-receipts-outlays-and-the-deficit-surplus-of-the-u-s-government","Bureau of Labor Statistics","https://data.bls.gov/cgi-bin/surveymost?bls"
"Miscellaneous Receipts","Miscellaneous Revenue","Universal Service Fund","Universal Service Fund",2017,9154213023,246.819,274.31,1.11138121457424,10173820388,7.17,"Monthly Treasury Statement","https://fiscaldata.treasury.gov/datasets/monthly-treasury-statement/summary-of-receipts-outlays-and-the-deficit-surplus-of-the-u-s-government","Bureau of Labor Statistics","https://data.bls.gov/cgi-bin/surveymost?bls"
"Miscellaneous Receipts","Miscellaneous Revenue","Other Miscellaneous Receipts","Other Miscellaneous Revenue",2017,37274630888,246.819,274.31,1.11138121457424,41426324549,29.2,"Monthly Treasury Statement","https://fiscaldata.treasury.gov/datasets/monthly-treasury-statement/summary-of-receipts-outlays-and-the-deficit-surplus-of-the-u-s-government","Bureau of Labor Statistics","https://data.bls.gov/cgi-bin/surveymost?bls"
"Individual Income Taxes","Individual Income Taxes","","",2018,1683537216745,252.439,274.31,1.08663875233225,1829396780708,50.58,"Monthly Treasury Statement","https://fiscaldata.treasury.gov/datasets/monthly-treasury-statement/summary-of-receipts-outlays-and-the-deficit-surplus-of-the-u-s-government","Bureau of Labor Statistics","https://data.bls.gov/cgi-bin/surveymost?bls"
"Individual Income Taxes","Individual Income Taxes","Individual Income Taxes Refunds","Individual Income Taxes Refunds",2018,-268125461950,252.439,274.31,1.08663875233225,-291355517442,-15.93,"Monthly Treasury Statement","https://fiscaldata.treasury.gov/datasets/monthly-treasury-statement/summary-of-receipts-outlays-and-the-deficit-surplus-of-the-u-s-government","Bureau of Labor Statistics","https://data.bls.gov/cgi-bin/surveymost?bls"
"Individual Income Taxes","Individual Income Taxes","Individual Income Taxes Withheld","Individual Income Taxes Withheld",2018,1325106232591,252.439,274.31,1.08663875233225,1439911783290,78.71,"Monthly Treasury Statement","https://fiscaldata.treasury.gov/datasets/monthly-treasury-statement/summary-of-receipts-outlays-and-the-deficit-surplus-of-the-u-s-government","Bureau of Labor Statistics","https://data.bls.gov/cgi-bin/surveymost?bls"
"Individual Income Taxes","Individual Income Taxes","Presidential Election Campaign Fund","Presidential Election Campaign Fund",2018,25843086,252.439,274.31,1.08663875233225,28082099,0,"Monthly Treasury Statement","https://fiscaldata.treasury.gov/datasets/monthly-treasury-statement/summary-of-receipts-outlays-and-the-deficit-surplus-of-the-u-s-government","Bureau of Labor Statistics","https://data.bls.gov/cgi-bin/surveymost?bls"
"Individual Income Taxes","Individual Income Taxes","Other Individual Income Taxes","Other Individual Income Taxes",2018,626530603018,252.439,274.31,1.08663875233225,680812432762,37.22,"Monthly Treasury Statement","https://fiscaldata.treasury.gov/datasets/monthly-treasury-statement/summary-of-receipts-outlays-and-the-deficit-surplus-of-the-u-s-government","Bureau of Labor Statistics","https://data.bls.gov/cgi-bin/surveymost?bls"
"Corporation Income Taxes","Corporate Income Taxes","","",2018,204733303759,252.439,274.31,1.08663875233225,222471141758,6.15,"Monthly Treasury Statement","https://fiscaldata.treasury.gov/datasets/monthly-treasury-statement/summary-of-receipts-outlays-and-the-deficit-surplus-of-the-u-s-government","Bureau of Labor Statistics","https://data.bls.gov/cgi-bin/surveymost?bls"
"Corporation Income Taxes","Corporate Income Taxes","Corporation Income Taxes Refunds","Corporate Income Taxes Refunds",2018,-58434188303,252.439,274.31,1.08663875233225,-63496853471,-28.54,"Monthly Treasury Statement","https://fiscaldata.treasury.gov/datasets/monthly-treasury-statement/summary-of-receipts-outlays-and-the-deficit-surplus-of-the-u-s-government","Bureau of Labor Statistics","https://data.bls.gov/cgi-bin/surveymost?bls"
"Corporation Income Taxes","Corporate Income Taxes","Corporation Income Taxes","Corporate Income Taxes",2018,263167492062,252.439,274.31,1.08663875233225,285967995228,128.54,"Monthly Treasury Statement","https://fiscaldata.treasury.gov/datasets/monthly-treasury-statement/summary-of-receipts-outlays-and-the-deficit-surplus-of-the-u-s-government","Bureau of Labor Statistics","https://data.bls.gov/cgi-bin/surveymost?bls"
"Employment and General Retirement","Social Security and Medicare Taxes","","",2018,1115405956031,252.439,274.31,1.08663875233225,1212043336406,33.51,"Monthly Treasury Statement","https://fiscaldata.treasury.gov/datasets/monthly-treasury-statement/summary-of-receipts-outlays-and-the-deficit-surplus-of-the-u-s-government","Bureau of Labor Statistics","https://data.bls.gov/cgi-bin/surveymost?bls"
"Employment and General Retirement","Social Security and Medicare Taxes","Federal Old-Age and Survivors Insurance Trust Fund","Social Security - Old-Age and Survivors Insurance Trust Fund Taxes",2018,693831030509,252.439,274.31,1.08663875233225,753943685321,62.2,"Monthly Treasury Statement","https://fiscaldata.treasury.gov/datasets/monthly-treasury-statement/summary-of-receipts-outlays-and-the-deficit-surplus-of-the-u-s-government","Bureau of Labor Statistics","https://data.bls.gov/cgi-bin/surveymost?bls"
"Employment and General Retirement","Social Security and Medicare Taxes","Federal Old-Age and Survivors Insurance Trust Fund Refunds","Social Security - Old-Age and Survivors Insurance Trust Fund Taxes Refunds",2018,-2615773850,252.439,274.31,1.08663875233225,-2842401233,-0.23,"Monthly Treasury Statement","https://fiscaldata.treasury.gov/datasets/monthly-treasury-statement/summary-of-receipts-outlays-and-the-deficit-surplus-of-the-u-s-government","Bureau of Labor Statistics","https://data.bls.gov/cgi-bin/surveymost?bls"
"Employment and General Retirement","Social Security and Medicare Taxes","Federal Disability Insurance Trust Fund","Social Security - Disability Insurance Trust Fund Taxes",2018,164149758351,252.439,274.31,1.08663875233225,178371488610,14.72,"Monthly Treasury Statement","https://fiscaldata.treasury.gov/datasets/monthly-treasury-statement/summary-of-receipts-outlays-and-the-deficit-surplus-of-the-u-s-government","Bureau of Labor Statistics","https://data.bls.gov/cgi-bin/surveymost?bls"
"Employment and General Retirement","Social Security and Medicare Taxes","Federal Disability Insurance Trust Fund Refunds","Social Security - Disability Insurance Trust Fund Taxes Refunds",2018,-618084150,252.439,274.31,1.08663875233225,-671634190,-0.06,"Monthly Treasury Statement","https://fiscaldata.treasury.gov/datasets/monthly-treasury-statement/summary-of-receipts-outlays-and-the-deficit-surplus-of-the-u-s-government","Bureau of Labor Statistics","https://data.bls.gov/cgi-bin/surveymost?bls"
"Employment and General Retirement","Social Security and Medicare Taxes","Federal Hospital Insurance Trust Fund","Medicare Part A Taxes",2018,260659025172,252.439,274.31,1.08663875233225,283242197897,23.37,"Monthly Treasury Statement","https://fiscaldata.treasury.gov/datasets/monthly-treasury-statement/summary-of-receipts-outlays-and-the-deficit-surplus-of-the-u-s-government","Bureau of Labor Statistics","https://data.bls.gov/cgi-bin/surveymost?bls"
"Employment and General Retirement","Other Retirement","Railroad Retirement","Railroad Retirement",2018,5753160813,252.439,274.31,1.08663875233225,6251607488,56.12,"Monthly Treasury Statement","https://fiscaldata.treasury.gov/datasets/monthly-treasury-statement/summary-of-receipts-outlays-and-the-deficit-surplus-of-the-u-s-government","Bureau of Labor Statistics","https://data.bls.gov/cgi-bin/surveymost?bls"
"Employment and General Retirement","Other Retirement","Railroad Retirement Refunds","Railroad Retirement Refunds",2018,-4143919,252.439,274.31,1.08663875233225,-4502943,-0.04,"Monthly Treasury Statement","https://fiscaldata.treasury.gov/datasets/monthly-treasury-statement/summary-of-receipts-outlays-and-the-deficit-surplus-of-the-u-s-government","Bureau of Labor Statistics","https://data.bls.gov/cgi-bin/surveymost?bls"
"Unemployment Insurance","Unemployment Insurance","","",2018,45041614845,252.439,274.31,1.08663875233225,48943964158,1.35,"Monthly Treasury Statement","https://fiscaldata.treasury.gov/datasets/monthly-treasury-statement/summary-of-receipts-outlays-and-the-deficit-surplus-of-the-u-s-government","Bureau of Labor Statistics","https://data.bls.gov/cgi-bin/surveymost?bls"
"Unemployment Insurance","Unemployment Insurance","Deposits by States","Deposits by States",2018,36221878723,252.439,274.31,1.08663875233225,39360097103,80.42,"Monthly Treasury Statement","https://fiscaldata.treasury.gov/datasets/monthly-treasury-statement/summary-of-receipts-outlays-and-the-deficit-surplus-of-the-u-s-government","Bureau of Labor Statistics","https://data.bls.gov/cgi-bin/surveymost?bls"
"Unemployment Insurance","Unemployment Insurance","Federal Unemployment Taxes","Federal Unemployment Taxes",2018,8806552587,252.439,274.31,1.08663875233225,9569541316,19.55,"Monthly Treasury Statement","https://fiscaldata.treasury.gov/datasets/monthly-treasury-statement/summary-of-receipts-outlays-and-the-deficit-surplus-of-the-u-s-government","Bureau of Labor Statistics","https://data.bls.gov/cgi-bin/surveymost?bls"
"Unemployment Insurance","Unemployment Insurance","Federal Unemployment Taxes Refunds","Federal Unemployment Taxes Refunds",2018,-120631589,252.439,274.31,1.08663875233225,-131082959,-0.27,"Monthly Treasury Statement","https://fiscaldata.treasury.gov/datasets/monthly-treasury-statement/summary-of-receipts-outlays-and-the-deficit-surplus-of-the-u-s-government","Bureau of Labor Statistics","https://data.bls.gov/cgi-bin/surveymost?bls"
"Unemployment Insurance","Unemployment Insurance","Railroad Unemployment Taxes","Railroad Unemployment Taxes",2018,133815123,252.439,274.31,1.08663875233225,145408698,0.3,"Monthly Treasury Statement","https://fiscaldata.treasury.gov/datasets/monthly-treasury-statement/summary-of-receipts-outlays-and-the-deficit-surplus-of-the-u-s-government","Bureau of Labor Statistics","https://data.bls.gov/cgi-bin/surveymost?bls"
"Other Retirement","Other Retirement","","",2018,10251841223,252.439,274.31,1.08663875233225,11140047956,0.31,"Monthly Treasury Statement","https://fiscaldata.treasury.gov/datasets/monthly-treasury-statement/summary-of-receipts-outlays-and-the-deficit-surplus-of-the-u-s-government","Bureau of Labor Statistics","https://data.bls.gov/cgi-bin/surveymost?bls"
"Other Retirement","Other Retirement","Federal Employees' Retirement--Employee Share","Federal Government Pension: FERS",2018,4471710154,252.439,274.31,1.08663875233225,4859133543,43.62,"Monthly Treasury Statement","https://fiscaldata.treasury.gov/datasets/monthly-treasury-statement/summary-of-receipts-outlays-and-the-deficit-surplus-of-the-u-s-government","Bureau of Labor Statistics","https://data.bls.gov/cgi-bin/surveymost?bls"
"Other Retirement","Other Retirement","Non-Federal Employees Retirement","Non-Federal Employees Retirement",2018,31114174,252.439,274.31,1.08663875233225,33809868,0.3,"Monthly Treasury Statement","https://fiscaldata.treasury.gov/datasets/monthly-treasury-statement/summary-of-receipts-outlays-and-the-deficit-surplus-of-the-u-s-government","Bureau of Labor Statistics","https://data.bls.gov/cgi-bin/surveymost?bls"
"Excise Taxes","Excise Taxes","","",2018,94988171026,252.439,274.31,1.08663875233225,103217827650,2.85,"Monthly Treasury Statement","https://fiscaldata.treasury.gov/datasets/monthly-treasury-statement/summary-of-receipts-outlays-and-the-deficit-surplus-of-the-u-s-government","Bureau of Labor Statistics","https://data.bls.gov/cgi-bin/surveymost?bls"
"Excise Taxes","Excise Taxes","Miscellaneous Excise Taxes","Miscellaneous Excise Taxes",2018,39649721544,252.439,274.31,1.08663875233225,43084923949,41.74,"Monthly Treasury Statement","https://fiscaldata.treasury.gov/datasets/monthly-treasury-statement/summary-of-receipts-outlays-and-the-deficit-surplus-of-the-u-s-government","Bureau of Labor Statistics","https://data.bls.gov/cgi-bin/surveymost?bls"
"Excise Taxes","Excise Taxes","Miscellaneous Excise Taxes Refunds","Miscellaneous Excise Taxes Refunds",2018,-3115532253,252.439,274.31,1.08663875233225,-3385458080,-3.28,"Monthly Treasury Statement","https://fiscaldata.treasury.gov/datasets/monthly-treasury-statement/summary-of-receipts-outlays-and-the-deficit-surplus-of-the-u-s-government","Bureau of Labor Statistics","https://data.bls.gov/cgi-bin/surveymost?bls"
"Excise Taxes","Excise Taxes","Airport and Airway Trust Fund","Airport and Airway Trust Fund",2018,15531904106,252.439,274.31,1.08663875233225,16877568900,16.35,"Monthly Treasury Statement","https://fiscaldata.treasury.gov/datasets/monthly-treasury-statement/summary-of-receipts-outlays-and-the-deficit-surplus-of-the-u-s-government","Bureau of Labor Statistics","https://data.bls.gov/cgi-bin/surveymost?bls"
"Excise Taxes","Excise Taxes","Airport and Airway Trust Fund Refunds","Airport and Airway Trust Fund Refunds",2018,-15353485,252.439,274.31,1.08663875233225,-16683692,-0.02,"Monthly Treasury Statement","https://fiscaldata.treasury.gov/datasets/monthly-treasury-statement/summary-of-receipts-outlays-and-the-deficit-surplus-of-the-u-s-government","Bureau of Labor Statistics","https://data.bls.gov/cgi-bin/surveymost?bls"
"Excise Taxes","Excise Taxes","Highway Trust Fund","Highway Trust Fund",2018,42979507984,252.439,274.31,1.08663875233225,46703198931,45.25,"Monthly Treasury Statement","https://fiscaldata.treasury.gov/datasets/monthly-treasury-statement/summary-of-receipts-outlays-and-the-deficit-surplus-of-the-u-s-government","Bureau of Labor Statistics","https://data.bls.gov/cgi-bin/surveymost?bls"
"Excise Taxes","Excise Taxes","Highway Trust Fund Refunds","Highway Trust Fund Refunds",2018,-436754000,252.439,274.31,1.08663875233225,-474593822,-0.46,"Monthly Treasury Statement","https://fiscaldata.treasury.gov/datasets/monthly-treasury-statement/summary-of-receipts-outlays-and-the-deficit-surplus-of-the-u-s-government","Bureau of Labor Statistics","https://data.bls.gov/cgi-bin/surveymost?bls"
"Excise Taxes","Excise Taxes","Black Lung Disability Trust Fund","Black Lung Disability Trust Fund",2018,394677130,252.439,274.31,1.08663875233225,428871464,0.42,"Monthly Treasury Statement","https://fiscaldata.treasury.gov/datasets/monthly-treasury-statement/summary-of-receipts-outlays-and-the-deficit-surplus-of-the-u-s-government","Bureau of Labor Statistics","https://data.bls.gov/cgi-bin/surveymost?bls"
"Estate and Gift Taxes","Estate and Gift Taxes","","",2018,22983076198,252.439,274.31,1.08663875233225,24974301245,0.69,"Monthly Treasury Statement","https://fiscaldata.treasury.gov/datasets/monthly-treasury-statement/summary-of-receipts-outlays-and-the-deficit-surplus-of-the-u-s-government","Bureau of Labor Statistics","https://data.bls.gov/cgi-bin/surveymost?bls"
"Estate and Gift Taxes","Estate and Gift Taxes","Estate and Gift Taxes Refunds","Estate and Gift Taxes Refunds",2018,-882592721,252.439,274.31,1.08663875233225,-959059453,-3.84,"Monthly Treasury Statement","https://fiscaldata.treasury.gov/datasets/monthly-treasury-statement/summary-of-receipts-outlays-and-the-deficit-surplus-of-the-u-s-government","Bureau of Labor Statistics","https://data.bls.gov/cgi-bin/surveymost?bls"
"Estate and Gift Taxes","Estate and Gift Taxes","Estate and Gift Taxes","Estate and Gift Taxes",2018,23865668919,252.439,274.31,1.08663875233225,25933360698,103.84,"Monthly Treasury Statement","https://fiscaldata.treasury.gov/datasets/monthly-treasury-statement/summary-of-receipts-outlays-and-the-deficit-surplus-of-the-u-s-government","Bureau of Labor Statistics","https://data.bls.gov/cgi-bin/surveymost?bls"
"Customs Duties","Customs Duties","","",2018,41298963822,252.439,274.31,1.08663875233225,44877054520,1.24,"Monthly Treasury Statement","https://fiscaldata.treasury.gov/datasets/monthly-treasury-statement/summary-of-receipts-outlays-and-the-deficit-surplus-of-the-u-s-government","Bureau of Labor Statistics","https://data.bls.gov/cgi-bin/surveymost?bls"
"Customs Duties","Customs Duties","Customs Duties Refunds","Customs Duties Refunds",2018,-1797302387,252.439,274.31,1.08663875233225,-1953018423,-4.35,"Monthly Treasury Statement","https://fiscaldata.treasury.gov/datasets/monthly-treasury-statement/summary-of-receipts-outlays-and-the-deficit-surplus-of-the-u-s-government","Bureau of Labor Statistics","https://data.bls.gov/cgi-bin/surveymost?bls"
"Customs Duties","Customs Duties","Customs Duties","Customs Duties",2018,43096266209,252.439,274.31,1.08663875233225,46830072943,104.35,"Monthly Treasury Statement","https://fiscaldata.treasury.gov/datasets/monthly-treasury-statement/summary-of-receipts-outlays-and-the-deficit-surplus-of-the-u-s-government","Bureau of Labor Statistics","https://data.bls.gov/cgi-bin/surveymost?bls"
"Miscellaneous Receipts","Miscellaneous Revenue","","",2018,110505101069,252.439,274.31,1.08663875233225,120079125152,3.32,"Monthly Treasury Statement","https://fiscaldata.treasury.gov/datasets/monthly-treasury-statement/summary-of-receipts-outlays-and-the-deficit-surplus-of-the-u-s-government","Bureau of Labor Statistics","https://data.bls.gov/cgi-bin/surveymost?bls"
"Miscellaneous Receipts","Miscellaneous Revenue","Miscellaneous Receipts Refunds","Miscellaneous Receipts Refunds",2018,-25693572,252.439,274.31,1.08663875233225,-27919631,-0.02,"Monthly Treasury Statement","https://fiscaldata.treasury.gov/datasets/monthly-treasury-statement/summary-of-receipts-outlays-and-the-deficit-surplus-of-the-u-s-government","Bureau of Labor Statistics","https://data.bls.gov/cgi-bin/surveymost?bls"
"Miscellaneous Receipts","Miscellaneous Revenue","Deposit of Earnings, Federal Reserve System","Federal Reserve Deposit of Earnings",2018,70749918053,252.439,274.31,1.08663875233225,76879602680,64.02,"Monthly Treasury Statement","https://fiscaldata.treasury.gov/datasets/monthly-treasury-statement/summary-of-receipts-outlays-and-the-deficit-surplus-of-the-u-s-government","Bureau of Labor Statistics","https://data.bls.gov/cgi-bin/surveymost?bls"
"Miscellaneous Receipts","Miscellaneous Revenue","Universal Service Fund","Universal Service Fund",2018,9396053384,252.439,274.31,1.08663875233225,10210115727,8.5,"Monthly Treasury Statement","https://fiscaldata.treasury.gov/datasets/monthly-treasury-statement/summary-of-receipts-outlays-and-the-deficit-surplus-of-the-u-s-government","Bureau of Labor Statistics","https://data.bls.gov/cgi-bin/surveymost?bls"
"Miscellaneous Receipts","Miscellaneous Revenue","Other Miscellaneous Receipts","Other Miscellaneous Revenue",2018,30384823204,252.439,274.31,1.08663875233225,33017326376,27.5,"Monthly Treasury Statement","https://fiscaldata.treasury.gov/datasets/monthly-treasury-statement/summary-of-receipts-outlays-and-the-deficit-surplus-of-the-u-s-government","Bureau of Labor Statistics","https://data.bls.gov/cgi-bin/surveymost?bls"
"Individual Income Taxes","Individual Income Taxes","","",2019,1717857487902,256.759,274.31,1.06835592910083,1835283232550,49.62,"Monthly Treasury Statement","https://fiscaldata.treasury.gov/datasets/monthly-treasury-statement/summary-of-receipts-outlays-and-the-deficit-surplus-of-the-u-s-government","Bureau of Labor Statistics","https://data.bls.gov/cgi-bin/surveymost?bls"
"Individual Income Taxes","Individual Income Taxes","Individual Income Taxes Refunds","Individual Income Taxes Refunds",2019,-244757530122,256.759,274.31,1.06835592910083,-261488158498,-14.25,"Monthly Treasury Statement","https://fiscaldata.treasury.gov/datasets/monthly-treasury-statement/summary-of-receipts-outlays-and-the-deficit-surplus-of-the-u-s-government","Bureau of Labor Statistics","https://data.bls.gov/cgi-bin/surveymost?bls"
"Individual Income Taxes","Individual Income Taxes","Individual Income Taxes Withheld","Individual Income Taxes Withheld",2019,1328272233302,256.759,274.31,1.06835592910083,1419067515908,77.32,"Monthly Treasury Statement","https://fiscaldata.treasury.gov/datasets/monthly-treasury-statement/summary-of-receipts-outlays-and-the-deficit-surplus-of-the-u-s-government","Bureau of Labor Statistics","https://data.bls.gov/cgi-bin/surveymost?bls"
"Individual Income Taxes","Individual Income Taxes","Presidential Election Campaign Fund","Presidential Election Campaign Fund",2019,25183178,256.759,274.31,1.06835592910083,26904598,0,"Monthly Treasury Statement","https://fiscaldata.treasury.gov/datasets/monthly-treasury-statement/summary-of-receipts-outlays-and-the-deficit-surplus-of-the-u-s-government","Bureau of Labor Statistics","https://data.bls.gov/cgi-bin/surveymost?bls"
"Individual Income Taxes","Individual Income Taxes","Other Individual Income Taxes","Other Individual Income Taxes",2019,634317601544,256.759,274.31,1.06835592910083,677676970542,36.92,"Monthly Treasury Statement","https://fiscaldata.treasury.gov/datasets/monthly-treasury-statement/summary-of-receipts-outlays-and-the-deficit-surplus-of-the-u-s-government","Bureau of Labor Statistics","https://data.bls.gov/cgi-bin/surveymost?bls"
"Corporation Income Taxes","Corporate Income Taxes","","",2019,230244746814,256.759,274.31,1.06835592910083,245983340403,6.65,"Monthly Treasury Statement","https://fiscaldata.treasury.gov/datasets/monthly-treasury-statement/summary-of-receipts-outlays-and-the-deficit-surplus-of-the-u-s-government","Bureau of Labor Statistics","https://data.bls.gov/cgi-bin/surveymost?bls"
"Corporation Income Taxes","Corporate Income Taxes","Corporation Income Taxes Refunds","Corporate Income Taxes Refunds",2019,-47171358443,256.759,274.31,1.06835592910083,-50395800476,-20.49,"Monthly Treasury Statement","https://fiscaldata.treasury.gov/datasets/monthly-treasury-statement/summary-of-receipts-outlays-and-the-deficit-surplus-of-the-u-s-government","Bureau of Labor Statistics","https://data.bls.gov/cgi-bin/surveymost?bls"
"Corporation Income Taxes","Corporate Income Taxes","Corporation Income Taxes","Corporate Income Taxes",2019,277416105257,256.759,274.31,1.06835592910083,296379140879,120.49,"Monthly Treasury Statement","https://fiscaldata.treasury.gov/datasets/monthly-treasury-statement/summary-of-receipts-outlays-and-the-deficit-surplus-of-the-u-s-government","Bureau of Labor Statistics","https://data.bls.gov/cgi-bin/surveymost?bls"
"Employment and General Retirement","Social Security and Medicare Taxes","","",2019,1191874423053,256.759,274.31,1.06835592910083,1273346106612,34.43,"Monthly Treasury Statement","https://fiscaldata.treasury.gov/datasets/monthly-treasury-statement/summary-of-receipts-outlays-and-the-deficit-surplus-of-the-u-s-government","Bureau of Labor Statistics","https://data.bls.gov/cgi-bin/surveymost?bls"
"Employment and General Retirement","Social Security and Medicare Taxes","Federal Old-Age and Survivors Insurance Trust Fund","Social Security - Old-Age and Survivors Insurance Trust Fund Taxes",2019,773219881153,256.759,274.31,1.06835592910083,826074044529,64.87,"Monthly Treasury Statement","https://fiscaldata.treasury.gov/datasets/monthly-treasury-statement/summary-of-receipts-outlays-and-the-deficit-surplus-of-the-u-s-government","Bureau of Labor Statistics","https://data.bls.gov/cgi-bin/surveymost?bls"
"Employment and General Retirement","Social Security and Medicare Taxes","Federal Old-Age and Survivors Insurance Trust Fund Refunds","Social Security - Old-Age and Survivors Insurance Trust Fund Taxes Refunds",2019,-2937787000,256.759,274.31,1.06835592910083,-3138602160,-0.25,"Monthly Treasury Statement","https://fiscaldata.treasury.gov/datasets/monthly-treasury-statement/summary-of-receipts-outlays-and-the-deficit-surplus-of-the-u-s-government","Bureau of Labor Statistics","https://data.bls.gov/cgi-bin/surveymost?bls"
"Employment and General Retirement","Social Security and Medicare Taxes","Federal Disability Insurance Trust Fund","Social Security - Disability Insurance Trust Fund Taxes",2019,144714458817,256.759,274.31,1.06835592910083,154606550103,12.14,"Monthly Treasury Statement","https://fiscaldata.treasury.gov/datasets/monthly-treasury-statement/summary-of-receipts-outlays-and-the-deficit-surplus-of-the-u-s-government","Bureau of Labor Statistics","https://data.bls.gov/cgi-bin/surveymost?bls"
"Employment and General Retirement","Social Security and Medicare Taxes","Federal Disability Insurance Trust Fund Refunds","Social Security - Disability Insurance Trust Fund Taxes Refunds",2019,-694173000,256.759,274.31,1.06835592910083,-741623840,-0.06,"Monthly Treasury Statement","https://fiscaldata.treasury.gov/datasets/monthly-treasury-statement/summary-of-receipts-outlays-and-the-deficit-surplus-of-the-u-s-government","Bureau of Labor Statistics","https://data.bls.gov/cgi-bin/surveymost?bls"
"Employment and General Retirement","Social Security and Medicare Taxes","Federal Hospital Insurance Trust Fund","Medicare Part A Taxes",2019,277572043083,256.759,274.31,1.06835592910083,296545737981,23.29,"Monthly Treasury Statement","https://fiscaldata.treasury.gov/datasets/monthly-treasury-statement/summary-of-receipts-outlays-and-the-deficit-surplus-of-the-u-s-government","Bureau of Labor Statistics","https://data.bls.gov/cgi-bin/surveymost?bls"
"Employment and General Retirement","Other Retirement","Railroad Retirement","Railroad Retirement",2019,5609755236,256.759,274.31,1.06835592910083,5993215267,54.58,"Monthly Treasury Statement","https://fiscaldata.treasury.gov/datasets/monthly-treasury-statement/summary-of-receipts-outlays-and-the-deficit-surplus-of-the-u-s-government","Bureau of Labor Statistics","https://data.bls.gov/cgi-bin/surveymost?bls"
"Employment and General Retirement","Other Retirement","Railroad Retirement Refunds","Railroad Retirement Refunds",2019,-90215596,256.759,274.31,1.06835592910083,-96382366,-0.88,"Monthly Treasury Statement","https://fiscaldata.treasury.gov/datasets/monthly-treasury-statement/summary-of-receipts-outlays-and-the-deficit-surplus-of-the-u-s-government","Bureau of Labor Statistics","https://data.bls.gov/cgi-bin/surveymost?bls"
"Unemployment Insurance","Unemployment Insurance","","",2019,40933978371,256.759,274.31,1.06835592910083,43732058495,1.18,"Monthly Treasury Statement","https://fiscaldata.treasury.gov/datasets/monthly-treasury-statement/summary-of-receipts-outlays-and-the-deficit-surplus-of-the-u-s-government","Bureau of Labor Statistics","https://data.bls.gov/cgi-bin/surveymost?bls"
"Unemployment Insurance","Unemployment Insurance","Deposits by States","Deposits by States",2019,34624301486,256.759,274.31,1.06835592910083,36991077784,84.59,"Monthly Treasury Statement","https://fiscaldata.treasury.gov/datasets/monthly-treasury-statement/summary-of-receipts-outlays-and-the-deficit-surplus-of-the-u-s-government","Bureau of Labor Statistics","https://data.bls.gov/cgi-bin/surveymost?bls"
"Unemployment Insurance","Unemployment Insurance","Federal Unemployment Taxes","Federal Unemployment Taxes",2019,6437694216,256.759,274.31,1.06835592910083,6877748785,15.73,"Monthly Treasury Statement","https://fiscaldata.treasury.gov/datasets/monthly-treasury-statement/summary-of-receipts-outlays-and-the-deficit-surplus-of-the-u-s-government","Bureau of Labor Statistics","https://data.bls.gov/cgi-bin/surveymost?bls"
"Unemployment Insurance","Unemployment Insurance","Federal Unemployment Taxes Refunds","Federal Unemployment Taxes Refunds",2019,-259460476,256.759,274.31,1.06835592910083,-277196137,-0.63,"Monthly Treasury Statement","https://fiscaldata.treasury.gov/datasets/monthly-treasury-statement/summary-of-receipts-outlays-and-the-deficit-surplus-of-the-u-s-government","Bureau of Labor Statistics","https://data.bls.gov/cgi-bin/surveymost?bls"
"Unemployment Insurance","Unemployment Insurance","Railroad Unemployment Taxes","Railroad Unemployment Taxes",2019,131443145,256.759,274.31,1.06835592910083,140428063,0.32,"Monthly Treasury Statement","https://fiscaldata.treasury.gov/datasets/monthly-treasury-statement/summary-of-receipts-outlays-and-the-deficit-surplus-of-the-u-s-government","Bureau of Labor Statistics","https://data.bls.gov/cgi-bin/surveymost?bls"
"Other Retirement","Other Retirement","","",2019,10278463382,256.759,274.31,1.06835592910083,10981057296,0.3,"Monthly Treasury Statement","https://fiscaldata.treasury.gov/datasets/monthly-treasury-statement/summary-of-receipts-outlays-and-the-deficit-surplus-of-the-u-s-government","Bureau of Labor Statistics","https://data.bls.gov/cgi-bin/surveymost?bls"
"Other Retirement","Other Retirement","Federal Employees' Retirement--Employee Share","Federal Government Pension: FERS",2019,4730219000,256.759,274.31,1.06835592910083,5053557514,46.02,"Monthly Treasury Statement","https://fiscaldata.treasury.gov/datasets/monthly-treasury-statement/summary-of-receipts-outlays-and-the-deficit-surplus-of-the-u-s-government","Bureau of Labor Statistics","https://data.bls.gov/cgi-bin/surveymost?bls"
"Other Retirement","Other Retirement","Non-Federal Employees Retirement","Non-Federal Employees Retirement",2019,28704742,256.759,274.31,1.06835592910083,30666881,0.28,"Monthly Treasury Statement","https://fiscaldata.treasury.gov/datasets/monthly-treasury-statement/summary-of-receipts-outlays-and-the-deficit-surplus-of-the-u-s-government","Bureau of Labor Statistics","https://data.bls.gov/cgi-bin/surveymost?bls"
"Excise Taxes","Excise Taxes","","",2019,98914554368,256.759,274.31,1.06835592910083,105675950633,2.86,"Monthly Treasury Statement","https://fiscaldata.treasury.gov/datasets/monthly-treasury-statement/summary-of-receipts-outlays-and-the-deficit-surplus-of-the-u-s-government","Bureau of Labor Statistics","https://data.bls.gov/cgi-bin/surveymost?bls"
"Excise Taxes","Excise Taxes","Miscellaneous Excise Taxes","Miscellaneous Excise Taxes",2019,44773106990,256.759,274.31,1.06835592910083,47833614317,45.26,"Monthly Treasury Statement","https://fiscaldata.treasury.gov/datasets/monthly-treasury-statement/summary-of-receipts-outlays-and-the-deficit-surplus-of-the-u-s-government","Bureau of Labor Statistics","https://data.bls.gov/cgi-bin/surveymost?bls"
"Excise Taxes","Excise Taxes","Miscellaneous Excise Taxes Refunds","Miscellaneous Excise Taxes Refunds",2019,-5628912884,256.759,274.31,1.06835592910083,-6013682454,-5.69,"Monthly Treasury Statement","https://fiscaldata.treasury.gov/datasets/monthly-treasury-statement/summary-of-receipts-outlays-and-the-deficit-surplus-of-the-u-s-government","Bureau of Labor Statistics","https://data.bls.gov/cgi-bin/surveymost?bls"
"Excise Taxes","Excise Taxes","Airport and Airway Trust Fund","Airport and Airway Trust Fund",2019,15825253472,256.759,274.31,1.06835592910083,16907003376,16,"Monthly Treasury Statement","https://fiscaldata.treasury.gov/datasets/monthly-treasury-statement/summary-of-receipts-outlays-and-the-deficit-surplus-of-the-u-s-government","Bureau of Labor Statistics","https://data.bls.gov/cgi-bin/surveymost?bls"
"Excise Taxes","Excise Taxes","Airport and Airway Trust Fund Refunds","Airport and Airway Trust Fund Refunds",2019,-14272019,256.759,274.31,1.06835592910083,-15247596,-0.01,"Monthly Treasury Statement","https://fiscaldata.treasury.gov/datasets/monthly-treasury-statement/summary-of-receipts-outlays-and-the-deficit-surplus-of-the-u-s-government","Bureau of Labor Statistics","https://data.bls.gov/cgi-bin/surveymost?bls"
"Excise Taxes","Excise Taxes","Highway Trust Fund","Highway Trust Fund",2019,44185747061,256.759,274.31,1.06835592910083,47206104854,44.67,"Monthly Treasury Statement","https://fiscaldata.treasury.gov/datasets/monthly-treasury-statement/summary-of-receipts-outlays-and-the-deficit-surplus-of-the-u-s-government","Bureau of Labor Statistics","https://data.bls.gov/cgi-bin/surveymost?bls"
"Excise Taxes","Excise Taxes","Highway Trust Fund Refunds","Highway Trust Fund Refunds",2019,-439754000,256.759,274.31,1.06835592910083,-469813793,-0.44,"Monthly Treasury Statement","https://fiscaldata.treasury.gov/datasets/monthly-treasury-statement/summary-of-receipts-outlays-and-the-deficit-surplus-of-the-u-s-government","Bureau of Labor Statistics","https://data.bls.gov/cgi-bin/surveymost?bls"
"Excise Taxes","Excise Taxes","Black Lung Disability Trust Fund","Black Lung Disability Trust Fund",2019,213385748,256.759,274.31,1.06835592910083,227971929,0.22,"Monthly Treasury Statement","https://fiscaldata.treasury.gov/datasets/monthly-treasury-statement/summary-of-receipts-outlays-and-the-deficit-surplus-of-the-u-s-government","Bureau of Labor Statistics","https://data.bls.gov/cgi-bin/surveymost?bls"
"Estate and Gift Taxes","Estate and Gift Taxes","","",2019,16671532322,256.759,274.31,1.06835592910083,17811130404,0.48,"Monthly Treasury Statement","https://fiscaldata.treasury.gov/datasets/monthly-treasury-statement/summary-of-receipts-outlays-and-the-deficit-surplus-of-the-u-s-government","Bureau of Labor Statistics","https://data.bls.gov/cgi-bin/surveymost?bls"
"Estate and Gift Taxes","Estate and Gift Taxes","Estate and Gift Taxes Refunds","Estate and Gift Taxes Refunds",2019,-893511190,256.759,274.31,1.06835592910083,-954587978,-5.36,"Monthly Treasury Statement","https://fiscaldata.treasury.gov/datasets/monthly-treasury-statement/summary-of-receipts-outlays-and-the-deficit-surplus-of-the-u-s-government","Bureau of Labor Statistics","https://data.bls.gov/cgi-bin/surveymost?bls"
"Estate and Gift Taxes","Estate and Gift Taxes","Estate and Gift Taxes","Estate and Gift Taxes",2019,17565043512,256.759,274.31,1.06835592910083,18765718381,105.36,"Monthly Treasury Statement","https://fiscaldata.treasury.gov/datasets/monthly-treasury-statement/summary-of-receipts-outlays-and-the-deficit-surplus-of-the-u-s-government","Bureau of Labor Statistics","https://data.bls.gov/cgi-bin/surveymost?bls"
"Customs Duties","Customs Duties","","",2019,70783723012,256.759,274.31,1.06835592910083,75622210164,2.04,"Monthly Treasury Statement","https://fiscaldata.treasury.gov/datasets/monthly-treasury-statement/summary-of-receipts-outlays-and-the-deficit-surplus-of-the-u-s-government","Bureau of Labor Statistics","https://data.bls.gov/cgi-bin/surveymost?bls"
"Customs Duties","Customs Duties","Customs Duties Refunds","Customs Duties Refunds",2019,-2677046429,256.759,274.31,1.06835592910083,-2860038424,-3.78,"Monthly Treasury Statement","https://fiscaldata.treasury.gov/datasets/monthly-treasury-statement/summary-of-receipts-outlays-and-the-deficit-surplus-of-the-u-s-government","Bureau of Labor Statistics","https://data.bls.gov/cgi-bin/surveymost?bls"
"Customs Duties","Customs Duties","Customs Duties","Customs Duties",2019,73460769441,256.759,274.31,1.06835592910083,78482248589,103.78,"Monthly Treasury Statement","https://fiscaldata.treasury.gov/datasets/monthly-treasury-statement/summary-of-receipts-outlays-and-the-deficit-surplus-of-the-u-s-government","Bureau of Labor Statistics","https://data.bls.gov/cgi-bin/surveymost?bls"
"Miscellaneous Receipts","Miscellaneous Revenue","","",2019,84636700924,256.759,274.31,1.06835592910083,90422121252,2.44,"Monthly Treasury Statement","https://fiscaldata.treasury.gov/datasets/monthly-treasury-statement/summary-of-receipts-outlays-and-the-deficit-surplus-of-the-u-s-government","Bureau of Labor Statistics","https://data.bls.gov/cgi-bin/surveymost?bls"
"Miscellaneous Receipts","Miscellaneous Revenue","Miscellaneous Receipts Refunds","Miscellaneous Receipts Refunds",2019,-34756177,256.759,274.31,1.06835592910083,-37131967,-0.04,"Monthly Treasury Statement","https://fiscaldata.treasury.gov/datasets/monthly-treasury-statement/summary-of-receipts-outlays-and-the-deficit-surplus-of-the-u-s-government","Bureau of Labor Statistics","https://data.bls.gov/cgi-bin/surveymost?bls"
"Miscellaneous Receipts","Miscellaneous Revenue","Deposit of Earnings, Federal Reserve System","Federal Reserve Deposit of Earnings",2019,52793314499,256.759,274.31,1.06835592910083,56402050561,62.38,"Monthly Treasury Statement","https://fiscaldata.treasury.gov/datasets/monthly-treasury-statement/summary-of-receipts-outlays-and-the-deficit-surplus-of-the-u-s-government","Bureau of Labor Statistics","https://data.bls.gov/cgi-bin/surveymost?bls"
"Miscellaneous Receipts","Miscellaneous Revenue","Universal Service Fund","Universal Service Fund",2019,9729891883,256.759,274.31,1.06835592910083,10394987683,11.5,"Monthly Treasury Statement","https://fiscaldata.treasury.gov/datasets/monthly-treasury-statement/summary-of-receipts-outlays-and-the-deficit-surplus-of-the-u-s-government","Bureau of Labor Statistics","https://data.bls.gov/cgi-bin/surveymost?bls"
"Miscellaneous Receipts","Miscellaneous Revenue","Other Miscellaneous Receipts","Other Miscellaneous Revenue",2019,22148250720,256.759,274.31,1.06835592910083,23662214975,26.17,"Monthly Treasury Statement","https://fiscaldata.treasury.gov/datasets/monthly-treasury-statement/summary-of-receipts-outlays-and-the-deficit-surplus-of-the-u-s-government","Bureau of Labor Statistics","https://data.bls.gov/cgi-bin/surveymost?bls"
"Individual Income Taxes","Individual Income Taxes","","",2020,1608661926485,260.28,274.31,1.05390348855079,1695374416222,47.04,"Monthly Treasury Statement","https://fiscaldata.treasury.gov/datasets/monthly-treasury-statement/summary-of-receipts-outlays-and-the-deficit-surplus-of-the-u-s-government","Bureau of Labor Statistics","https://data.bls.gov/cgi-bin/surveymost?bls"
"Individual Income Taxes","Individual Income Taxes","Individual Income Taxes Refunds","Individual Income Taxes Refunds",2020,-238344758240,260.28,274.31,1.05390348855079,-251192372187,-14.82,"Monthly Treasury Statement","https://fiscaldata.treasury.gov/datasets/monthly-treasury-statement/summary-of-receipts-outlays-and-the-deficit-surplus-of-the-u-s-government","Bureau of Labor Statistics","https://data.bls.gov/cgi-bin/surveymost?bls"
"Individual Income Taxes","Individual Income Taxes","Individual Income Taxes Withheld","Individual Income Taxes Withheld",2020,1245087374235,260.28,274.31,1.05390348855079,1312201927257,77.4,"Monthly Treasury Statement","https://fiscaldata.treasury.gov/datasets/monthly-treasury-statement/summary-of-receipts-outlays-and-the-deficit-surplus-of-the-u-s-government","Bureau of Labor Statistics","https://data.bls.gov/cgi-bin/surveymost?bls"
"Individual Income Taxes","Individual Income Taxes","Presidential Election Campaign Fund","Presidential Election Campaign Fund",2020,24138903,260.28,274.31,1.05390348855079,25440074,0,"Monthly Treasury Statement","https://fiscaldata.treasury.gov/datasets/monthly-treasury-statement/summary-of-receipts-outlays-and-the-deficit-surplus-of-the-u-s-government","Bureau of Labor Statistics","https://data.bls.gov/cgi-bin/surveymost?bls"
"Individual Income Taxes","Individual Income Taxes","Other Individual Income Taxes","Other Individual Income Taxes",2020,601895171587,260.28,274.31,1.05390348855079,634339421078,37.42,"Monthly Treasury Statement","https://fiscaldata.treasury.gov/datasets/monthly-treasury-statement/summary-of-receipts-outlays-and-the-deficit-surplus-of-the-u-s-government","Bureau of Labor Statistics","https://data.bls.gov/cgi-bin/surveymost?bls"
"Corporation Income Taxes","Corporate Income Taxes","","",2020,211844662324,260.28,274.31,1.05390348855079,223263828654,6.19,"Monthly Treasury Statement","https://fiscaldata.treasury.gov/datasets/monthly-treasury-statement/summary-of-receipts-outlays-and-the-deficit-surplus-of-the-u-s-government","Bureau of Labor Statistics","https://data.bls.gov/cgi-bin/surveymost?bls"
"Corporation Income Taxes","Corporate Income Taxes","Corporation Income Taxes Refunds","Corporate Income Taxes Refunds",2020,-52003176582,260.28,274.31,1.05390348855079,-54806329215,-24.55,"Monthly Treasury Statement","https://fiscaldata.treasury.gov/datasets/monthly-treasury-statement/summary-of-receipts-outlays-and-the-deficit-surplus-of-the-u-s-government","Bureau of Labor Statistics","https://data.bls.gov/cgi-bin/surveymost?bls"
"Corporation Income Taxes","Corporate Income Taxes","Corporation Income Taxes","Corporate Income Taxes",2020,263847838905,260.28,274.31,1.05390348855079,278070157869,124.55,"Monthly Treasury Statement","https://fiscaldata.treasury.gov/datasets/monthly-treasury-statement/summary-of-receipts-outlays-and-the-deficit-surplus-of-the-u-s-government","Bureau of Labor Statistics","https://data.bls.gov/cgi-bin/surveymost?bls"
"Employment and General Retirement","Social Security and Medicare Taxes","","",2020,1257204990680,260.28,274.31,1.05390348855079,1324972725501,36.76,"Monthly Treasury Statement","https://fiscaldata.treasury.gov/datasets/monthly-treasury-statement/summary-of-receipts-outlays-and-the-deficit-surplus-of-the-u-s-government","Bureau of Labor Statistics","https://data.bls.gov/cgi-bin/surveymost?bls"
"Employment and General Retirement","Social Security and Medicare Taxes","Federal Old-Age and Survivors Insurance Trust Fund","Social Security - Old-Age and Survivors Insurance Trust Fund Taxes",2020,825306756138,260.28,274.31,1.05390348855079,869793669418,65.65,"Monthly Treasury Statement","https://fiscaldata.treasury.gov/datasets/monthly-treasury-statement/summary-of-receipts-outlays-and-the-deficit-surplus-of-the-u-s-government","Bureau of Labor Statistics","https://data.bls.gov/cgi-bin/surveymost?bls"
"Employment and General Retirement","Social Security and Medicare Taxes","Federal Old-Age and Survivors Insurance Trust Fund Refunds","Social Security - Old-Age and Survivors Insurance Trust Fund Taxes Refunds",2020,0,260.28,274.31,1.05390348855079,0,0,"Monthly Treasury Statement","https://fiscaldata.treasury.gov/datasets/monthly-treasury-statement/summary-of-receipts-outlays-and-the-deficit-surplus-of-the-u-s-government","Bureau of Labor Statistics","https://data.bls.gov/cgi-bin/surveymost?bls"
"Employment and General Retirement","Social Security and Medicare Taxes","Federal Disability Insurance Trust Fund","Social Security - Disability Insurance Trust Fund Taxes",2020,140120862747,260.28,274.31,1.05390348855079,147673866068,11.15,"Monthly Treasury Statement","https://fiscaldata.treasury.gov/datasets/monthly-treasury-statement/summary-of-receipts-outlays-and-the-deficit-surplus-of-the-u-s-government","Bureau of Labor Statistics","https://data.bls.gov/cgi-bin/surveymost?bls"
"Employment and General Retirement","Social Security and Medicare Taxes","Federal Disability Insurance Trust Fund Refunds","Social Security - Disability Insurance Trust Fund Taxes Refunds",2020,0,260.28,274.31,1.05390348855079,0,0,"Monthly Treasury Statement","https://fiscaldata.treasury.gov/datasets/monthly-treasury-statement/summary-of-receipts-outlays-and-the-deficit-surplus-of-the-u-s-government","Bureau of Labor Statistics","https://data.bls.gov/cgi-bin/surveymost?bls"
"Employment and General Retirement","Social Security and Medicare Taxes","Federal Hospital Insurance Trust Fund","Medicare Part A Taxes",2020,291777371795,260.28,274.31,1.05390348855079,307505190015,23.21,"Monthly Treasury Statement","https://fiscaldata.treasury.gov/datasets/monthly-treasury-statement/summary-of-receipts-outlays-and-the-deficit-surplus-of-the-u-s-government","Bureau of Labor Statistics","https://data.bls.gov/cgi-bin/surveymost?bls"
"Employment and General Retirement","Other Retirement","Railroad Retirement","Railroad Retirement",2020,4590028812,260.28,274.31,1.05390348855079,4837447378,47.59,"Monthly Treasury Statement","https://fiscaldata.treasury.gov/datasets/monthly-treasury-statement/summary-of-receipts-outlays-and-the-deficit-surplus-of-the-u-s-government","Bureau of Labor Statistics","https://data.bls.gov/cgi-bin/surveymost?bls"
"Employment and General Retirement","Other Retirement","Railroad Retirement Refunds","Railroad Retirement Refunds",2020,-144983349,260.28,274.31,1.05390348855079,-152798457,-1.5,"Monthly Treasury Statement","https://fiscaldata.treasury.gov/datasets/monthly-treasury-statement/summary-of-receipts-outlays-and-the-deficit-surplus-of-the-u-s-government","Bureau of Labor Statistics","https://data.bls.gov/cgi-bin/surveymost?bls"
"Unemployment Insurance","Unemployment Insurance","","",2020,43103787706,260.28,274.31,1.05390348855079,45427232233,1.26,"Monthly Treasury Statement","https://fiscaldata.treasury.gov/datasets/monthly-treasury-statement/summary-of-receipts-outlays-and-the-deficit-surplus-of-the-u-s-government","Bureau of Labor Statistics","https://data.bls.gov/cgi-bin/surveymost?bls"
"Unemployment Insurance","Unemployment Insurance","Deposits by States","Deposits by States",2020,36862926162,260.28,274.31,1.05390348855079,38849966480,85.52,"Monthly Treasury Statement","https://fiscaldata.treasury.gov/datasets/monthly-treasury-statement/summary-of-receipts-outlays-and-the-deficit-surplus-of-the-u-s-government","Bureau of Labor Statistics","https://data.bls.gov/cgi-bin/surveymost?bls"
"Unemployment Insurance","Unemployment Insurance","Federal Unemployment Taxes","Federal Unemployment Taxes",2020,6280409815,260.28,274.31,1.05390348855079,6618945814,14.57,"Monthly Treasury Statement","https://fiscaldata.treasury.gov/datasets/monthly-treasury-statement/summary-of-receipts-outlays-and-the-deficit-surplus-of-the-u-s-government","Bureau of Labor Statistics","https://data.bls.gov/cgi-bin/surveymost?bls"
"Unemployment Insurance","Unemployment Insurance","Federal Unemployment Taxes Refunds","Federal Unemployment Taxes Refunds",2020,-119580610,260.28,274.31,1.05390348855079,-126026422,-0.28,"Monthly Treasury Statement","https://fiscaldata.treasury.gov/datasets/monthly-treasury-statement/summary-of-receipts-outlays-and-the-deficit-surplus-of-the-u-s-government","Bureau of Labor Statistics","https://data.bls.gov/cgi-bin/surveymost?bls"
"Unemployment Insurance","Unemployment Insurance","Railroad Unemployment Taxes","Railroad Unemployment Taxes",2020,80032340,260.28,274.31,1.05390348855079,84346362,0.19,"Monthly Treasury Statement","https://fiscaldata.treasury.gov/datasets/monthly-treasury-statement/summary-of-receipts-outlays-and-the-deficit-surplus-of-the-u-s-government","Bureau of Labor Statistics","https://data.bls.gov/cgi-bin/surveymost?bls"
"Other Retirement","Other Retirement","","",2020,9645657989,260.28,274.31,1.05390348855079,10165592604,0.28,"Monthly Treasury Statement","https://fiscaldata.treasury.gov/datasets/monthly-treasury-statement/summary-of-receipts-outlays-and-the-deficit-surplus-of-the-u-s-government","Bureau of Labor Statistics","https://data.bls.gov/cgi-bin/surveymost?bls"
"Other Retirement","Other Retirement","Federal Employees' Retirement--Employee Share","Federal Government Pension: FERS",2020,5171618476,260.28,274.31,1.05390348855079,5450386753,53.62,"Monthly Treasury Statement","https://fiscaldata.treasury.gov/datasets/monthly-treasury-statement/summary-of-receipts-outlays-and-the-deficit-surplus-of-the-u-s-government","Bureau of Labor Statistics","https://data.bls.gov/cgi-bin/surveymost?bls"
"Other Retirement","Other Retirement","Non-Federal Employees Retirement","Non-Federal Employees Retirement",2020,28994050,260.28,274.31,1.05390348855079,30556930,0.3,"Monthly Treasury Statement","https://fiscaldata.treasury.gov/datasets/monthly-treasury-statement/summary-of-receipts-outlays-and-the-deficit-surplus-of-the-u-s-government","Bureau of Labor Statistics","https://data.bls.gov/cgi-bin/surveymost?bls"
"Excise Taxes","Excise Taxes","","",2020,86782067346,260.28,274.31,1.05390348855079,91459923519,2.54,"Monthly Treasury Statement","https://fiscaldata.treasury.gov/datasets/monthly-treasury-statement/summary-of-receipts-outlays-and-the-deficit-surplus-of-the-u-s-government","Bureau of Labor Statistics","https://data.bls.gov/cgi-bin/surveymost?bls"
"Excise Taxes","Excise Taxes","Miscellaneous Excise Taxes","Miscellaneous Excise Taxes",2020,43997766937,260.28,274.31,1.05390348855079,46369400063,50.7,"Monthly Treasury Statement","https://fiscaldata.treasury.gov/datasets/monthly-treasury-statement/summary-of-receipts-outlays-and-the-deficit-surplus-of-the-u-s-government","Bureau of Labor Statistics","https://data.bls.gov/cgi-bin/surveymost?bls"
"Excise Taxes","Excise Taxes","Miscellaneous Excise Taxes Refunds","Miscellaneous Excise Taxes Refunds",2020,-9296861410,260.28,274.31,1.05390348855079,-9797994672,-10.71,"Monthly Treasury Statement","https://fiscaldata.treasury.gov/datasets/monthly-treasury-statement/summary-of-receipts-outlays-and-the-deficit-surplus-of-the-u-s-government","Bureau of Labor Statistics","https://data.bls.gov/cgi-bin/surveymost?bls"
"Excise Taxes","Excise Taxes","Airport and Airway Trust Fund","Airport and Airway Trust Fund",2020,9034689673,260.28,274.31,1.05390348855079,9521690964,10.41,"Monthly Treasury Statement","https://fiscaldata.treasury.gov/datasets/monthly-treasury-statement/summary-of-receipts-outlays-and-the-deficit-surplus-of-the-u-s-government","Bureau of Labor Statistics","https://data.bls.gov/cgi-bin/surveymost?bls"
"Excise Taxes","Excise Taxes","Airport and Airway Trust Fund Refunds","Airport and Airway Trust Fund Refunds",2020,-18951057,260.28,274.31,1.05390348855079,-19972585,-0.02,"Monthly Treasury Statement","https://fiscaldata.treasury.gov/datasets/monthly-treasury-statement/summary-of-receipts-outlays-and-the-deficit-surplus-of-the-u-s-government","Bureau of Labor Statistics","https://data.bls.gov/cgi-bin/surveymost?bls"
"Excise Taxes","Excise Taxes","Highway Trust Fund","Highway Trust Fund",2020,43202475789,260.28,274.31,1.05390348855079,45531239948,49.78,"Monthly Treasury Statement","https://fiscaldata.treasury.gov/datasets/monthly-treasury-statement/summary-of-receipts-outlays-and-the-deficit-surplus-of-the-u-s-government","Bureau of Labor Statistics","https://data.bls.gov/cgi-bin/surveymost?bls"
"Excise Taxes","Excise Taxes","Highway Trust Fund Refunds","Highway Trust Fund Refunds",2020,-438500000,260.28,274.31,1.05390348855079,-462136680,-0.51,"Monthly Treasury Statement","https://fiscaldata.treasury.gov/datasets/monthly-treasury-statement/summary-of-receipts-outlays-and-the-deficit-surplus-of-the-u-s-government","Bureau of Labor Statistics","https://data.bls.gov/cgi-bin/surveymost?bls"
"Excise Taxes","Excise Taxes","Black Lung Disability Trust Fund","Black Lung Disability Trust Fund",2020,301447414,260.28,274.31,1.05390348855079,317696481,0.35,"Monthly Treasury Statement","https://fiscaldata.treasury.gov/datasets/monthly-treasury-statement/summary-of-receipts-outlays-and-the-deficit-surplus-of-the-u-s-government","Bureau of Labor Statistics","https://data.bls.gov/cgi-bin/surveymost?bls"
"Estate and Gift Taxes","Estate and Gift Taxes","","",2020,17624156022,260.28,274.31,1.05390348855079,18574159514,0.52,"Monthly Treasury Statement","https://fiscaldata.treasury.gov/datasets/monthly-treasury-statement/summary-of-receipts-outlays-and-the-deficit-surplus-of-the-u-s-government","Bureau of Labor Statistics","https://data.bls.gov/cgi-bin/surveymost?bls"
"Estate and Gift Taxes","Estate and Gift Taxes","Estate and Gift Taxes Refunds","Estate and Gift Taxes Refunds",2020,-573431518,260.28,274.31,1.05390348855079,-604341477,-3.25,"Monthly Treasury Statement","https://fiscaldata.treasury.gov/datasets/monthly-treasury-statement/summary-of-receipts-outlays-and-the-deficit-surplus-of-the-u-s-government","Bureau of Labor Statistics","https://data.bls.gov/cgi-bin/surveymost?bls"
"Estate and Gift Taxes","Estate and Gift Taxes","Estate and Gift Taxes","Estate and Gift Taxes",2020,18197587540,260.28,274.31,1.05390348855079,19178500991,103.25,"Monthly Treasury Statement","https://fiscaldata.treasury.gov/datasets/monthly-treasury-statement/summary-of-receipts-outlays-and-the-deficit-surplus-of-the-u-s-government","Bureau of Labor Statistics","https://data.bls.gov/cgi-bin/surveymost?bls"
"Customs Duties","Customs Duties","","",2020,68550229846,260.28,274.31,1.05390348855079,72245326375,2,"Monthly Treasury Statement","https://fiscaldata.treasury.gov/datasets/monthly-treasury-statement/summary-of-receipts-outlays-and-the-deficit-surplus-of-the-u-s-government","Bureau of Labor Statistics","https://data.bls.gov/cgi-bin/surveymost?bls"
"Customs Duties","Customs Duties","Customs Duties Refunds","Customs Duties Refunds",2020,-7085425478,260.28,274.31,1.05390348855079,-7467354629,-10.34,"Monthly Treasury Statement","https://fiscaldata.treasury.gov/datasets/monthly-treasury-statement/summary-of-receipts-outlays-and-the-deficit-surplus-of-the-u-s-government","Bureau of Labor Statistics","https://data.bls.gov/cgi-bin/surveymost?bls"
"Customs Duties","Customs Duties","Customs Duties","Customs Duties",2020,75635655324,260.28,274.31,1.05390348855079,79712681005,110.34,"Monthly Treasury Statement","https://fiscaldata.treasury.gov/datasets/monthly-treasury-statement/summary-of-receipts-outlays-and-the-deficit-surplus-of-the-u-s-government","Bureau of Labor Statistics","https://data.bls.gov/cgi-bin/surveymost?bls"
"Miscellaneous Receipts","Miscellaneous Revenue","","",2020,116537527368,260.28,274.31,1.05390348855079,122819306640,3.41,"Monthly Treasury Statement","https://fiscaldata.treasury.gov/datasets/monthly-treasury-statement/summary-of-receipts-outlays-and-the-deficit-surplus-of-the-u-s-government","Bureau of Labor Statistics","https://data.bls.gov/cgi-bin/surveymost?bls"
"Miscellaneous Receipts","Miscellaneous Revenue","Miscellaneous Receipts Refunds","Miscellaneous Receipts Refunds",2020,-128845806,260.28,274.31,1.05390348855079,-135791045,-0.11,"Monthly Treasury Statement","https://fiscaldata.treasury.gov/datasets/monthly-treasury-statement/summary-of-receipts-outlays-and-the-deficit-surplus-of-the-u-s-government","Bureau of Labor Statistics","https://data.bls.gov/cgi-bin/surveymost?bls"
"Miscellaneous Receipts","Miscellaneous Revenue","Deposit of Earnings, Federal Reserve System","Federal Reserve Deposit of Earnings",2020,81880086658,260.28,274.31,1.05390348855079,86293708972,70.26,"Monthly Treasury Statement","https://fiscaldata.treasury.gov/datasets/monthly-treasury-statement/summary-of-receipts-outlays-and-the-deficit-surplus-of-the-u-s-government","Bureau of Labor Statistics","https://data.bls.gov/cgi-bin/surveymost?bls"
"Miscellaneous Receipts","Miscellaneous Revenue","Universal Service Fund","Universal Service Fund",2020,8238758317,260.28,274.31,1.05390348855079,8682856131,7.07,"Monthly Treasury Statement","https://fiscaldata.treasury.gov/datasets/monthly-treasury-statement/summary-of-receipts-outlays-and-the-deficit-surplus-of-the-u-s-government","Bureau of Labor Statistics","https://data.bls.gov/cgi-bin/surveymost?bls"
"Miscellaneous Receipts","Miscellaneous Revenue","Other Miscellaneous Receipts","Other Miscellaneous Revenue",2020,26547528199,260.28,274.31,1.05390348855079,27978532582,22.78,"Monthly Treasury Statement","https://fiscaldata.treasury.gov/datasets/monthly-treasury-statement/summary-of-receipts-outlays-and-the-deficit-surplus-of-the-u-s-government","Bureau of Labor Statistics","https://data.bls.gov/cgi-bin/surveymost?bls"
"Individual Income Taxes","Individual Income Taxes","","",2021,2044377037669,274.31,274.31,1,2044377037669,50.53,"Monthly Treasury Statement","https://fiscaldata.treasury.gov/datasets/monthly-treasury-statement/summary-of-receipts-outlays-and-the-deficit-surplus-of-the-u-s-government","Bureau of Labor Statistics","https://data.bls.gov/cgi-bin/surveymost?bls"
"Individual Income Taxes","Individual Income Taxes","Individual Income Taxes Refunds","Individual Income Taxes Refunds",2021,-278435943734,274.31,274.31,1,-278435943734,-13.62,"Monthly Treasury Statement","https://fiscaldata.treasury.gov/datasets/monthly-treasury-statement/summary-of-receipts-outlays-and-the-deficit-surplus-of-the-u-s-government","Bureau of Labor Statistics","https://data.bls.gov/cgi-bin/surveymost?bls"
"Individual Income Taxes","Individual Income Taxes","Individual Income Taxes Withheld","Individual Income Taxes Withheld",2021,1498654435277,274.31,274.31,1,1498654435277,73.31,"Monthly Treasury Statement","https://fiscaldata.treasury.gov/datasets/monthly-treasury-statement/summary-of-receipts-outlays-and-the-deficit-surplus-of-the-u-s-government","Bureau of Labor Statistics","https://data.bls.gov/cgi-bin/surveymost?bls"
"Individual Income Taxes","Individual Income Taxes","Presidential Election Campaign Fund","Presidential Election Campaign Fund",2021,24091077,274.31,274.31,1,24091077,0,"Monthly Treasury Statement","https://fiscaldata.treasury.gov/datasets/monthly-treasury-statement/summary-of-receipts-outlays-and-the-deficit-surplus-of-the-u-s-government","Bureau of Labor Statistics","https://data.bls.gov/cgi-bin/surveymost?bls"
"Individual Income Taxes","Individual Income Taxes","Other Individual Income Taxes","Other Individual Income Taxes",2021,824134455049,274.31,274.31,1,824134455049,40.31,"Monthly Treasury Statement","https://fiscaldata.treasury.gov/datasets/monthly-treasury-statement/summary-of-receipts-outlays-and-the-deficit-surplus-of-the-u-s-government","Bureau of Labor Statistics","https://data.bls.gov/cgi-bin/surveymost?bls"
"Corporation Income Taxes","Corporate Income Taxes","","",2021,371831354722,274.31,274.31,1,371831354722,9.19,"Monthly Treasury Statement","https://fiscaldata.treasury.gov/datasets/monthly-treasury-statement/summary-of-receipts-outlays-and-the-deficit-surplus-of-the-u-s-government","Bureau of Labor Statistics","https://data.bls.gov/cgi-bin/surveymost?bls"
"Corporation Income Taxes","Corporate Income Taxes","Corporation Income Taxes Refunds","Corporate Income Taxes Refunds",2021,-47521517635,274.31,274.31,1,-47521517635,-12.78,"Monthly Treasury Statement","https://fiscaldata.treasury.gov/datasets/monthly-treasury-statement/summary-of-receipts-outlays-and-the-deficit-surplus-of-the-u-s-government","Bureau of Labor Statistics","https://data.bls.gov/cgi-bin/surveymost?bls"
"Corporation Income Taxes","Corporate Income Taxes","Corporation Income Taxes","Corporate Income Taxes",2021,419352872357,274.31,274.31,1,419352872357,112.78,"Monthly Treasury Statement","https://fiscaldata.treasury.gov/datasets/monthly-treasury-statement/summary-of-receipts-outlays-and-the-deficit-surplus-of-the-u-s-government","Bureau of Labor Statistics","https://data.bls.gov/cgi-bin/surveymost?bls"
"Employment and General Retirement","Social Security and Medicare Taxes","","",2021,1247140533646,274.31,274.31,1,1247140533646,30.82,"Monthly Treasury Statement","https://fiscaldata.treasury.gov/datasets/monthly-treasury-statement/summary-of-receipts-outlays-and-the-deficit-surplus-of-the-u-s-government","Bureau of Labor Statistics","https://data.bls.gov/cgi-bin/surveymost?bls"
"Employment and General Retirement","Social Security and Medicare Taxes","Federal Old-Age and Survivors Insurance Trust Fund","Social Security - Old-Age and Survivors Insurance Trust Fund Taxes",2021,820535183934,274.31,274.31,1,820535183934,65.79,"Monthly Treasury Statement","https://fiscaldata.treasury.gov/datasets/monthly-treasury-statement/summary-of-receipts-outlays-and-the-deficit-surplus-of-the-u-s-government","Bureau of Labor Statistics","https://data.bls.gov/cgi-bin/surveymost?bls"
"Employment and General Retirement","Social Security and Medicare Taxes","Federal Old-Age and Survivors Insurance Trust Fund Refunds","Social Security - Old-Age and Survivors Insurance Trust Fund Taxes Refunds",2021,-6501033000,274.31,274.31,1,-6501033000,-0.52,"Monthly Treasury Statement","https://fiscaldata.treasury.gov/datasets/monthly-treasury-statement/summary-of-receipts-outlays-and-the-deficit-surplus-of-the-u-s-government","Bureau of Labor Statistics","https://data.bls.gov/cgi-bin/surveymost?bls"
"Employment and General Retirement","Social Security and Medicare Taxes","Federal Disability Insurance Trust Fund","Social Security - Disability Insurance Trust Fund Taxes",2021,139392021237,274.31,274.31,1,139392021237,11.18,"Monthly Treasury Statement","https://fiscaldata.treasury.gov/datasets/monthly-treasury-statement/summary-of-receipts-outlays-and-the-deficit-surplus-of-the-u-s-government","Bureau of Labor Statistics","https://data.bls.gov/cgi-bin/surveymost?bls"
"Employment and General Retirement","Social Security and Medicare Taxes","Federal Disability Insurance Trust Fund Refunds","Social Security - Disability Insurance Trust Fund Taxes Refunds",2021,-1103949000,274.31,274.31,1,-1103949000,-0.09,"Monthly Treasury Statement","https://fiscaldata.treasury.gov/datasets/monthly-treasury-statement/summary-of-receipts-outlays-and-the-deficit-surplus-of-the-u-s-government","Bureau of Labor Statistics","https://data.bls.gov/cgi-bin/surveymost?bls"
"Employment and General Retirement","Social Security and Medicare Taxes","Federal Hospital Insurance Trust Fund","Medicare Part A Taxes",2021,294818310475,274.31,274.31,1,294818310475,23.64,"Monthly Treasury Statement","https://fiscaldata.treasury.gov/datasets/monthly-treasury-statement/summary-of-receipts-outlays-and-the-deficit-surplus-of-the-u-s-government","Bureau of Labor Statistics","https://data.bls.gov/cgi-bin/surveymost?bls"
"Employment and General Retirement","Other Retirement","Railroad Retirement","Railroad Retirement",2021,4754806793,274.31,274.31,1,4754806793,45.96,"Monthly Treasury Statement","https://fiscaldata.treasury.gov/datasets/monthly-treasury-statement/summary-of-receipts-outlays-and-the-deficit-surplus-of-the-u-s-government","Bureau of Labor Statistics","https://data.bls.gov/cgi-bin/surveymost?bls"
"Employment and General Retirement","Other Retirement","Railroad Retirement Refunds","Railroad Retirement Refunds",2021,-37589596,274.31,274.31,1,-37589596,-0.36,"Monthly Treasury Statement","https://fiscaldata.treasury.gov/datasets/monthly-treasury-statement/summary-of-receipts-outlays-and-the-deficit-surplus-of-the-u-s-government","Bureau of Labor Statistics","https://data.bls.gov/cgi-bin/surveymost?bls"
"Unemployment Insurance","Unemployment Insurance","","",2021,56601808949,274.31,274.31,1,56601808949,1.4,"Monthly Treasury Statement","https://fiscaldata.treasury.gov/datasets/monthly-treasury-statement/summary-of-receipts-outlays-and-the-deficit-surplus-of-the-u-s-government","Bureau of Labor Statistics","https://data.bls.gov/cgi-bin/surveymost?bls"
"Unemployment Insurance","Unemployment Insurance","Deposits by States","Deposits by States",2021,50349726585,274.31,274.31,1,50349726585,88.95,"Monthly Treasury Statement","https://fiscaldata.treasury.gov/datasets/monthly-treasury-statement/summary-of-receipts-outlays-and-the-deficit-surplus-of-the-u-s-government","Bureau of Labor Statistics","https://data.bls.gov/cgi-bin/surveymost?bls"
"Unemployment Insurance","Unemployment Insurance","Federal Unemployment Taxes","Federal Unemployment Taxes",2021,6282037575,274.31,274.31,1,6282037575,11.1,"Monthly Treasury Statement","https://fiscaldata.treasury.gov/datasets/monthly-treasury-statement/summary-of-receipts-outlays-and-the-deficit-surplus-of-the-u-s-government","Bureau of Labor Statistics","https://data.bls.gov/cgi-bin/surveymost?bls"
"Unemployment Insurance","Unemployment Insurance","Federal Unemployment Taxes Refunds","Federal Unemployment Taxes Refunds",2021,-140898680,274.31,274.31,1,-140898680,-0.25,"Monthly Treasury Statement","https://fiscaldata.treasury.gov/datasets/monthly-treasury-statement/summary-of-receipts-outlays-and-the-deficit-surplus-of-the-u-s-government","Bureau of Labor Statistics","https://data.bls.gov/cgi-bin/surveymost?bls"
"Unemployment Insurance","Unemployment Insurance","Railroad Unemployment Taxes","Railroad Unemployment Taxes",2021,110943469,274.31,274.31,1,110943469,0.2,"Monthly Treasury Statement","https://fiscaldata.treasury.gov/datasets/monthly-treasury-statement/summary-of-receipts-outlays-and-the-deficit-surplus-of-the-u-s-government","Bureau of Labor Statistics","https://data.bls.gov/cgi-bin/surveymost?bls"
"Other Retirement","Other Retirement","","",2021,10346584989,274.31,274.31,1,10346584989,0.26,"Monthly Treasury Statement","https://fiscaldata.treasury.gov/datasets/monthly-treasury-statement/summary-of-receipts-outlays-and-the-deficit-surplus-of-the-u-s-government","Bureau of Labor Statistics","https://data.bls.gov/cgi-bin/surveymost?bls"
"Other Retirement","Other Retirement","Federal Employees' Retirement--Employee Share","Federal Government Pension: FERS",2021,5602996899,274.31,274.31,1,5602996899,54.15,"Monthly Treasury Statement","https://fiscaldata.treasury.gov/datasets/monthly-treasury-statement/summary-of-receipts-outlays-and-the-deficit-surplus-of-the-u-s-government","Bureau of Labor Statistics","https://data.bls.gov/cgi-bin/surveymost?bls"
"Other Retirement","Other Retirement","Non-Federal Employees Retirement","Non-Federal Employees Retirement",2021,26370893,274.31,274.31,1,26370893,0.25,"Monthly Treasury Statement","https://fiscaldata.treasury.gov/datasets/monthly-treasury-statement/summary-of-receipts-outlays-and-the-deficit-surplus-of-the-u-s-government","Bureau of Labor Statistics","https://data.bls.gov/cgi-bin/surveymost?bls"
"Excise Taxes","Excise Taxes","","",2021,75271184579,274.31,274.31,1,75271184579,1.86,"Monthly Treasury Statement","https://fiscaldata.treasury.gov/datasets/monthly-treasury-statement/summary-of-receipts-outlays-and-the-deficit-surplus-of-the-u-s-government","Bureau of Labor Statistics","https://data.bls.gov/cgi-bin/surveymost?bls"
"Excise Taxes","Excise Taxes","Miscellaneous Excise Taxes","Miscellaneous Excise Taxes",2021,31577995615,274.31,274.31,1,31577995615,41.95,"Monthly Treasury Statement","https://fiscaldata.treasury.gov/datasets/monthly-treasury-statement/summary-of-receipts-outlays-and-the-deficit-surplus-of-the-u-s-government","Bureau of Labor Statistics","https://data.bls.gov/cgi-bin/surveymost?bls"
"Excise Taxes","Excise Taxes","Miscellaneous Excise Taxes Refunds","Miscellaneous Excise Taxes Refunds",2021,-7996759719,274.31,274.31,1,-7996759719,-10.62,"Monthly Treasury Statement","https://fiscaldata.treasury.gov/datasets/monthly-treasury-statement/summary-of-receipts-outlays-and-the-deficit-surplus-of-the-u-s-government","Bureau of Labor Statistics","https://data.bls.gov/cgi-bin/surveymost?bls"
"Excise Taxes","Excise Taxes","Airport and Airway Trust Fund","Airport and Airway Trust Fund",2021,10946268680,274.31,274.31,1,10946268680,14.54,"Monthly Treasury Statement","https://fiscaldata.treasury.gov/datasets/monthly-treasury-statement/summary-of-receipts-outlays-and-the-deficit-surplus-of-the-u-s-government","Bureau of Labor Statistics","https://data.bls.gov/cgi-bin/surveymost?bls"
"Excise Taxes","Excise Taxes","Airport and Airway Trust Fund Refunds","Airport and Airway Trust Fund Refunds",2021,-13272876,274.31,274.31,1,-13272876,-0.02,"Monthly Treasury Statement","https://fiscaldata.treasury.gov/datasets/monthly-treasury-statement/summary-of-receipts-outlays-and-the-deficit-surplus-of-the-u-s-government","Bureau of Labor Statistics","https://data.bls.gov/cgi-bin/surveymost?bls"
"Excise Taxes","Excise Taxes","Highway Trust Fund","Highway Trust Fund",2021,40927629334,274.31,274.31,1,40927629334,54.37,"Monthly Treasury Statement","https://fiscaldata.treasury.gov/datasets/monthly-treasury-statement/summary-of-receipts-outlays-and-the-deficit-surplus-of-the-u-s-government","Bureau of Labor Statistics","https://data.bls.gov/cgi-bin/surveymost?bls"
"Excise Taxes","Excise Taxes","Highway Trust Fund Refunds","Highway Trust Fund Refunds",2021,-441498000,274.31,274.31,1,-441498000,-0.59,"Monthly Treasury Statement","https://fiscaldata.treasury.gov/datasets/monthly-treasury-statement/summary-of-receipts-outlays-and-the-deficit-surplus-of-the-u-s-government","Bureau of Labor Statistics","https://data.bls.gov/cgi-bin/surveymost?bls"
"Excise Taxes","Excise Taxes","Black Lung Disability Trust Fund","Black Lung Disability Trust Fund",2021,270821546,274.31,274.31,1,270821546,0.36,"Monthly Treasury Statement","https://fiscaldata.treasury.gov/datasets/monthly-treasury-statement/summary-of-receipts-outlays-and-the-deficit-surplus-of-the-u-s-government","Bureau of Labor Statistics","https://data.bls.gov/cgi-bin/surveymost?bls"
"Estate and Gift Taxes","Estate and Gift Taxes","","",2021,27140075206,274.31,274.31,1,27140075206,0.67,"Monthly Treasury Statement","https://fiscaldata.treasury.gov/datasets/monthly-treasury-statement/summary-of-receipts-outlays-and-the-deficit-surplus-of-the-u-s-government","Bureau of Labor Statistics","https://data.bls.gov/cgi-bin/surveymost?bls"
"Estate and Gift Taxes","Estate and Gift Taxes","Estate and Gift Taxes Refunds","Estate and Gift Taxes Refunds",2021,-905663684,274.31,274.31,1,-905663684,-3.34,"Monthly Treasury Statement","https://fiscaldata.treasury.gov/datasets/monthly-treasury-statement/summary-of-receipts-outlays-and-the-deficit-surplus-of-the-u-s-government","Bureau of Labor Statistics","https://data.bls.gov/cgi-bin/surveymost?bls"
"Estate and Gift Taxes","Estate and Gift Taxes","Estate and Gift Taxes","Estate and Gift Taxes",2021,28045738890,274.31,274.31,1,28045738890,103.34,"Monthly Treasury Statement","https://fiscaldata.treasury.gov/datasets/monthly-treasury-statement/summary-of-receipts-outlays-and-the-deficit-surplus-of-the-u-s-government","Bureau of Labor Statistics","https://data.bls.gov/cgi-bin/surveymost?bls"
"Customs Duties","Customs Duties","","",2021,79984829486,274.31,274.31,1,79984829486,1.98,"Monthly Treasury Statement","https://fiscaldata.treasury.gov/datasets/monthly-treasury-statement/summary-of-receipts-outlays-and-the-deficit-surplus-of-the-u-s-government","Bureau of Labor Statistics","https://data.bls.gov/cgi-bin/surveymost?bls"
"Customs Duties","Customs Duties","Customs Duties Refunds","Customs Duties Refunds",2021,-6965842292,274.31,274.31,1,-6965842292,-8.71,"Monthly Treasury Statement","https://fiscaldata.treasury.gov/datasets/monthly-treasury-statement/summary-of-receipts-outlays-and-the-deficit-surplus-of-the-u-s-government","Bureau of Labor Statistics","https://data.bls.gov/cgi-bin/surveymost?bls"
"Customs Duties","Customs Duties","Customs Duties","Customs Duties",2021,86950671778,274.31,274.31,1,86950671778,108.71,"Monthly Treasury Statement","https://fiscaldata.treasury.gov/datasets/monthly-treasury-statement/summary-of-receipts-outlays-and-the-deficit-surplus-of-the-u-s-government","Bureau of Labor Statistics","https://data.bls.gov/cgi-bin/surveymost?bls"
"Miscellaneous Receipts","Miscellaneous Revenue","","",2021,133285449480,274.31,274.31,1,133285449480,3.29,"Monthly Treasury Statement","https://fiscaldata.treasury.gov/datasets/monthly-treasury-statement/summary-of-receipts-outlays-and-the-deficit-surplus-of-the-u-s-government","Bureau of Labor Statistics","https://data.bls.gov/cgi-bin/surveymost?bls"
"Miscellaneous Receipts","Miscellaneous Revenue","Miscellaneous Receipts Refunds","Miscellaneous Receipts Refunds",2021,-17450151,274.31,274.31,1,-17450151,-0.01,"Monthly Treasury Statement","https://fiscaldata.treasury.gov/datasets/monthly-treasury-statement/summary-of-receipts-outlays-and-the-deficit-surplus-of-the-u-s-government","Bureau of Labor Statistics","https://data.bls.gov/cgi-bin/surveymost?bls"
"Miscellaneous Receipts","Miscellaneous Revenue","Deposit of Earnings, Federal Reserve System","Federal Reserve Deposit of Earnings",2021,100054148597,274.31,274.31,1,100054148597,75.07,"Monthly Treasury Statement","https://fiscaldata.treasury.gov/datasets/monthly-treasury-statement/summary-of-receipts-outlays-and-the-deficit-surplus-of-the-u-s-government","Bureau of Labor Statistics","https://data.bls.gov/cgi-bin/surveymost?bls"
"Miscellaneous Receipts","Miscellaneous Revenue","Universal Service Fund","Universal Service Fund",2021,9195027195,274.31,274.31,1,9195027195,6.9,"Monthly Treasury Statement","https://fiscaldata.treasury.gov/datasets/monthly-treasury-statement/summary-of-receipts-outlays-and-the-deficit-surplus-of-the-u-s-government","Bureau of Labor Statistics","https://data.bls.gov/cgi-bin/surveymost?bls"
"Miscellaneous Receipts","Miscellaneous Revenue","Other Miscellaneous Receipts","Other Miscellaneous Revenue",2021,24053723839,274.31,274.31,1,24053723839,18.05,"Monthly Treasury Statement","https://fiscaldata.treasury.gov/datasets/monthly-treasury-statement/summary-of-receipts-outlays-and-the-deficit-surplus-of-the-u-s-government","Bureau of Labor Statistics","https://data.bls.gov/cgi-bin/surveymost?bls"
